{
    "sunglass": {
        "precision": 0.5686492519390793,
        "recall": 0.21951219512195122,
        "mAP50": 0.4129343826760077,
        "mAP50-95": 0.17872614120890895
    },
    "hat": {
        "precision": 0.7254882421152293,
        "recall": 0.8237759640877681,
        "mAP50": 0.8414061518634265,
        "mAP50-95": 0.5321592898001999
    },
    "jacket": {
        "precision": 0.7446716366543806,
        "recall": 0.8674033149171271,
        "mAP50": 0.8738547423086589,
        "mAP50-95": 0.6960398386731488
    },
    "shirt": {
        "precision": 0.8155086602921178,
        "recall": 0.8454159740542858,
        "mAP50": 0.8541739971990238,
        "mAP50-95": 0.6537057983900325
    },
    "pants": {
        "precision": 0.8882250968994804,
        "recall": 0.956140350877193,
        "mAP50": 0.9711125146485886,
        "mAP50-95": 0.8018733556417862
    },
    "shorts": {
        "precision": 0.766474821895721,
        "recall": 0.9202592707607932,
        "mAP50": 0.8350457085284954,
        "mAP50-95": 0.5817838295839592
    },
    "skirt": {
        "precision": 0.7979700201454617,
        "recall": 0.7741935483870968,
        "mAP50": 0.7990086919331223,
        "mAP50-95": 0.6609356531951933
    },
    "dress": {
        "precision": 0.6333588418541295,
        "recall": 0.8772360182038705,
        "mAP50": 0.8147953925649742,
        "mAP50-95": 0.6568384177627885
    },
    "bag": {
        "precision": 0.7695501405091897,
        "recall": 0.7312452880142098,
        "mAP50": 0.7837374686329543,
        "mAP50-95": 0.4802518148471745
    },
    "shoe": {
        "precision": 0.8138647198398163,
        "recall": 0.8153846153846154,
        "mAP50": 0.8434811389401138,
        "mAP50-95": 0.5257267406276193
    }
}