{
    "mAP50": 0.8029550189295366,
    "mAP50-95": 0.576804087973081,
    "mean_precision": 0.7523761432144604,
    "mean_recall": 0.7830566539808912,
    "conf_threshold": 0.25,
    "iou_threshold": 0.5
}